показатель,вхождений,приложения,коды_мкб,периодичность_примеры
"Вес (ИМТ), окружность талии, статус курения",16,"1,2","I20 - I25 Z95.1 Z95.5; I44 - I49 Z95.0; I50; I65.2; E78; R73.0, R73.9; I69.0 - I69.4; I10 - I15; I26; I33 I38 - I39; I40 I41 I51.4",
"АД, ЧСС",16,"1,2",I20 - I25 Z95.1 Z95.5; I44 - I49 Z95.0; I50; I65.2; E78; I69.0 - I69.4; I10 - I15; I26; I33 I38 - I39; I40 I41 I51.4; I42,
общетерапевтический биохимический анализ крови,13,"1,2",I50; I05 - I09 I34 - I37 I51.0 - I51.2; I10 - I15; I20 - I25 Z95.1 Z95.5; I26; I27.0 I28 I27.2; I33 I38 - I39; I40 I41 I51.4; I42; I44 - I49 Z95.0; I65.2; E78,не реже 1 раза в год; не реже 1 раз в год; не реже 2 раз в год
отсутствие данных о ЗНО по результатам биопсии,13,"1,3",D13.4; Q78.1; M88; D16; D14.0; J33; D14; D10.4 D10.5 D10.6 D10.7 D10.9; J37; J31; D10.0 D10.1 D10.2 D10.3; K13.7,
ЭКГ,12,"1,2",I69.0 - I69.4; I10 - I15; I20 - I25 Z95.1 Z95.5; I26; I27.0 I28 I27.2; I33 I38 - I39; I40 I41 I51.4; I42; I44 - I49 Z95.0; I50; I65.2; E78,не реже 1 раза в год; не реже 1 раз в год; не реже 2 раз в год
клинический анализ крови,11,2,I05 - I09 I34 - I37 I51.0 - I51.2; I10 - I15; I20 - I25 Z95.1 Z95.5; I26; I27.0 I28 I27.2; I33 I38 - I39; I42; I44 - I49 Z95.0; I50; I65.2; E78,не реже 1 раза в год; не реже 2 раз в год
пациентам при терапии варфарином - МНО,10,"1,2",I44 - I49 Z95.0; I50; I20 - I25 Z95.1 Z95.5; I26; I27.0 I28 I27.2; I33 I38 - I39; I40 I41 I51.4; I42,не реже 2 раз в год; не реже 4 раз в год
ЭхоКГ,10,2,I10 - I15; I20 - I25 Z95.1 Z95.5; I26; I27.0 I28 I27.2; I33 I38 - I39; I40 I41 I51.4; I42; I44 - I49 Z95.0; I50; Q20 - Q28,не реже 1 раза в год; не реже 2 раз в год; не реже 1 раз в год
ХС-ЛПНП,8,"1,2",I20 - I25 Z95.1 Z95.5; I44 - I49 Z95.0; I65.2; I69.0 - I69.4; N18.1,не реже 2 раз в год
Рентгенография органов грудной клетки,6,2,I10 - I15; I20 - I25 Z95.1 Z95.5; I26; I27.0 I28 I27.2; I33 I38 - I39; I40 I41 I51.4,не реже 1 раза в год; не реже 1 раз в год
скорость клубочковой фильтрации,5,1,I10 - I15; I20 - I25 Z95.1 Z95.5; I44 - I49 Z95.0; N18.1; N18.9,не реже 1 раза в год
"Отсутствие признаков малигнизации новообразований кожи или появления новых злокачественных новообразований кожи по данным клинического осмотра и инструментальных исследований (дерматоскопии, цифрового картирования кожи)",5,3,D22; D23; L57.1; L82; Q82.1,
сатурация кислорода в крови,4,1,"J41.0, J41.1, J41.8; J44.0 J44.8 J44.9; J47.0; J84.1",
Отсутствие данных о ЗНО по результатам колоноскопии с множественной биопсией,4,"1,3","D12.6; D12.8, K62.1; K50 K51; E22.0",
отсутствие признаков прогрессирования заболевания по результатам ЭКГ,3,1,I20 - I25 Z95.1 Z95.5; I44 - I49 Z95.0; I50,не реже 2 раз в год; не реже 1 раза в год; не реже 1 раз в год
Отсутствие данных о ЗНО по результатам ЭГДС с множественной биопсией,3,1,K31.7; K22.0 K22.2; K22.7,
рентгенография органов грудной клетки,3,2,I42; I44 - I49 Z95.0; I50,не реже 1 раз в год; не реже 1 раза в год
мониторирование ЭКГ,3,2,I42; I44 - I49 Z95.0; I50,не реже 1 раза в год
Отсутствие структурных изменений костной ткани по данным рентгенографии костей и суставов и (или) КТ и (или) МРТ,3,3,M88; M85; Q78.4,
Отсутствие данных о ЗНО по результатам люминесцентной стоматоскопии с прицельной биопсией,3,3,K13.2; K13.0; L43,
"Вес (индекс массы тела), окружность талии, статус курения",2,"1,2",I10 - I15; I05 - I09 I34 - I37 I51.0 - I51.2,
"артериальное давление, частота сердечных сокращений",2,"1,2",I10 - I15; I05 - I09 I34 - I37 I51.0 - I51.2,
холестерин-липопротеины низкой плотности,2,"1,2",I10 - I15,не реже 1 раза в год; не реже 2 раз в год
альбуминурия в разовой порции мочи,2,"1,2",I10 - I15,не реже 1 раза в год; не реже 2 раз в год
отсутствие признаков прогрессирования заболевания по результатам ЭхоКГ,2,1,I20 - I25 Z95.1 Z95.5; I44 - I49 Z95.0,не реже 1 раза в год
уровень N-концевого пропептида натрийуретического гормона (B-типа),2,"1,2",I50; I27.0 I28 I27.2,не реже 1 раза в 2 года; не реже 1 раза в год
Отсутствие или уменьшение частоты рецидивов,2,1,K25; K26,
Отсутствие или уменьшение частоты обострений,2,1,"J41.0, J41.1, J41.8; J44.0 J44.8 J44.9",
Отсутствие или уменьшение частоты обострений ФВД,2,1,J47.0; J84.1,
АД,2,1,N18.1; N18.9,
повышение уровня альфа-фетопротеина крови,2,"1,3",K70.3 K74.3 - K74.6; B18.0 - B18.2,
дуплексное сканирование брахиоцефальных артерий,2,2,I65.2; E78,не реже 1 раза в год
Отсутствие признаков прогрессирования: появление и (или) увеличение структурных изменений костной ткани,2,3,Q78.1,
Отсутствие ультразвуковых признаков роста образования по результатам УЗИ органов малого таза,2,3,D30.3; D30.4,
"Отсутствие изменений по результатам осмотра врача-специалиста, зеркальной фиброскопии полости носа и носоглотки, КТ или МРТ лицевого скелета",2,3,D14.0; J33,
отсутствие признаков прогрессирования заболевания по результатам электрокардиограммы,1,1,I10 - I15,не реже 1 раза в год
отсутствие признаков прогрессирования заболевания по результатам эхокардиограммы,1,1,I10 - I15,не реже 1 раза в год
пациентам при терапии варфарином - международное нормализованное отношение,1,1,I20 - I25 Z95.1 Z95.5,не реже 2 раз в год
отсутствие признаков ишемии миокарда по результатам нагрузочного тестирования у пациентов после применения высокотехнологичных методов лечения коронарных артерий,1,1,I20 - I25 Z95.1 Z95.5,не реже 1 раза в 2 года
отсутствие признаков прогрессирования заболевания и подтверждение эффективности антиаритмического лечения по данным мониторирования ЭКГ,1,1,I44 - I49 Z95.0,не реже 1 раза в год
"отсутствие снижения уровня эритроцитов, гемоглобина",1,1,I50,не реже 1 раза в год
отсутствие признаков застоя в легких по данным рентгенографии органов грудной клетки,1,1,I50,не реже 1 раза в год
отсутствие признаков прогрессирования заболевания по результатам ЭхоКГ - фракция выброса левого желудочка,1,1,I50,не реже 2 раз в год
отсутствие жизнеугрожающих нарушений ритма сердца по данным мониторирования ЭКГ,1,1,I50,не реже 1 раза в год
уровень стеноза сонных артерий по данным ультразвукового допплеровского исследования сонных артерий,1,1,I65.2,не реже 1 раза в год
ХС-ЛПНП и триглицеридов,1,1,E78,не реже 1 раза в год
при терапии статинами - трансаминазы и креатинкиназы,1,1,E78,
уровень стеноза сонных артерий по данным ультразвукового допплеровского исследования брахиоцефальных артерий,1,1,E78,не реже 1 раза в год
глюкоза плазмы натощак и через 2 часа после нагрузки,1,1,"R73.0, R73.9",
"Вес (ИМТ), окружность талии, статус курения АД",1,1,E11,
"ХС-ЛПНП, гликированный гемоглобин",1,1,E11,
глюкоза плазмы крови (натощак),1,1,I69.0 - I69.4,
при терапии статинами - трансаминазы и КФК,1,1,I69.0 - I69.4,
Отсутствие рецидивов эрозивного процесса по данным эзофагогастродуодено скопии,1,1,K20,
При гастроэзофагеальном рефлюксе с эзофагитом (без цилиндроклеточной метаплазии - без пищевода Баррета) - отсутствие рецидивов эрозивного процесса по данным ЭГДС,1,1,K21.0,
при гастроэзофагеальном рефлюксе с эзофагитом и цилиндроклеточной метаплазией - пищевод Барретта - отсутствие прогрессирования эндоскопических и морфологических изменений по данным ЭГДС с биопсией,1,1,K21.0,
Отсутствие прогрессирования и морфологических изменений по данным ЭГДС с биопсией,1,1,K31.7,
Отсутствие прогрессирования белково-энергетической недостаточности,1,1,K86,
функция внешнего дыхания,1,1,J44.0 J44.8 J44.9,
Достижение полного или частичного контроля бронхиальной астмы ФВД,1,1,J45.0 J45.1 J45.8 J45.9,
Сатурация кислорода в крови,1,1,"J12, J13, J14",
"Биохимический анализ крови с определением уровня общего кальция, креатинина и щелочной фосфатазы",1,1,M81.5,
денситометрия шейки бедра и поясничного отдела позвоночника,1,1,M81.5,
Отсутствие данных о злокачественных новообразованиях по результатам ЭГДС с множественной биопсией,1,1,K29.4 K29.5,
"Отсутствие данных о ЗНО по результатам ультразвукового исследования или компьютерной томографии, или магнитно-резонансной томографии",1,1,K70.3 K74.3 - K74.6,
"Отсутствие данных о ЗНО по результатам УЗИ или КТ, или МРТ",1,1,D13.4,
повышение уровня АФП крови,1,1,D13.4,
Отсутствие данных об увеличении размеров по результатам УЗИ,1,1,D37.6,
"пациентам при терапии варфарином - международное хирургической коррекции аорты и/или ее магистральных ветвей КТ-ангиография через 1, 6 и 12 мес. после вмешательства, далее - ежегодно",1,2,I05 - I09 I34 - I37 I51.0 - I51.2,
оценка домашнего мониторирования артериального давления и дневников с указанием доз принимаемых препаратов,1,2,I10 - I15,
пациентам после,1,2,I20 - I25 Z95.1 Z95.5,
Статус курения,1,2,I27.0 I28 I27.2,
"АД, ЧСС, пульсоксиметрия в покое",1,2,I27.0 I28 I27.2,
тест 6-минутной ходьбы,1,2,I27.0 I28 I27.2,не реже 1 раза в год
эргоспирометрия,1,2,I27.0 I28 I27.2,не реже 1 раза в год
клинический анализ крови (не реже 1 раза в год,1,2,I40 I41 I51.4,
ежемесячно - на фоне иммуносупрессивной терапии),1,2,I40 I41 I51.4,
CРБ и NT-proBNP - при наличии признаков прогрессии заболевания,1,2,I40 I41 I51.4,
"Вес (ИМТ), статус курения",1,2,I42,
"тестирование работы имплантируемого электронного устройства (1 раз в течение 6 мес. после имплантации, далее - не реже 1 раза в год)",1,2,I44 - I49 Z95.0,
NT-proBNP,1,2,I50,не реже 1 раза в 2 года
ХС-ЛПНП и триглицериды,1,2,E78,не реже 2 раз в год
Отсутствие прогрессирования по данным ультразвукового исследования или магнитно-резонансной томографии,1,3,B18.0 - B18.2,
Контроль лабораторных показателей в соответствии с клиническими рекомендациями по вопросам оказания медицинской помощи при ВИЧ-инфекции,1,3,B20 - B24,
"Уровень глюкозы, инсулина, пролактина, инсулиноподобного фактора роста-1 крови, хромогранина A, глюкагона, гастрина вазоинтестинального полипептида, панкреатического полипептида крови, паратиреоидного гормона, кальция (общий и ионизированный), фосфора крови",1,3,"E34.8, D13.7, D35.0 - D35.2, D35.8",
уровень кальция мочи,1,3,"E34.8, D13.7, D35.0 - D35.2, D35.8",
"отсутствие структурных изменений паращитовидных желез, поджелудочной железы, надпочечников",1,3,"E34.8, D13.7, D35.0 - D35.2, D35.8",
"отсутствие объемных образований по данным МРТ гипофиза, УЗИ шеи, УЗИ органов брюшной полости",1,3,"E34.8, D13.7, D35.0 - D35.2, D35.8",
отсутствие данных о ЗНО по результатам эзофагогастродуодено скопии с биопсией,1,3,"E34.8, D13.7, D35.0 - D35.2, D35.8",
"Исключение ЗНО щитовидной железы, паращитовидных желез",1,3,"D44.8, D35.0, D35.1 D35.8",
уровень гормонов щитовидной железы и паратиреоидного гормона,1,3,"D44.8, D35.0, D35.1 D35.8",
"уровень кальцитонина крови, хромогранина A",1,3,"D44.8, D35.0, D35.1 D35.8",
уровень метанефринов и норметанефринов суточной мочи или крови,1,3,"D44.8, D35.0, D35.1 D35.8",
"Отсутствие структурных изменений по данным УЗИ органов малого таза, УЗИ органов мошонки (яички), МРТ органов малого таза по показаниям",1,3,E34.5,
"уровень АФП, бета хорионического гормона,, уровень лактатдегидрогеназы крови",1,3,E34.5,
отсутствие объемных образований щитовидной железы по данным УЗИ и молочных желез по данным УЗИ и маммографии,1,3,E22.0,
Отсутствие структурных изменений ткани/ложа щитовидной железы по данным УЗИ,1,3,E04.1 E04.2 E05.1 E05.2,
уровень тиреотропного гормона в крови,1,3,E04.1 E04.2 E05.1 E05.2,
уровень кальцитонина в сыворотке крови при первичном обращении,1,3,E04.1 E04.2 E05.1 E05.2,
отсутствие данных о ЗНО по результатам пункционной биопсии с цитологическим или морфологическим исследованием,1,3,E04.1 E04.2 E05.1 E05.2,
цитологическая/мо рфологическая повторная верификация при изменении признаков риска по данным УЗИ,1,3,E04.1 E04.2 E05.1 E05.2,
Оценка размеров образования паращитовидной железы при УЗИ,1,3,D35.1 E21.0,
"уровень кальция, (скорректированный на альбумин), фосфора, креатинина и паратгормона в сыворотке крови",1,3,D35.1 E21.0,
сцинтиграфия с технецием [99mTc] сестамиби (по показаниям),1,3,D35.1 E21.0,
денситометрия (по показаниям),1,3,D35.1 E21.0,
Оценка размеров образования надпочечника и характер накопления и вымывания контрастного вещества,1,3,D35.0,
"уровень калия, натрия, глюкозы. АД",1,3,D35.0,
проба с дексаметазоном 1 мг. (Нор) метанефрины в суточной моче или плазме крови,1,3,D35.0,
при артериальной гипертензии - уровень альдостерона и ренина,1,3,D35.0,
Отсутствие объемных образований по данным МРТ головного мозга,1,3,Q85.1,
Отсутствие структурных изменений ткани больших слюнных желез по данным осмотра и УЗИ,1,3,D11,
отсутствие данных о ЗНО по результатам пункции/биопсии больших слюнных желез,1,3,D11,
отсутствие данных о ЗНО по результатам цистоскопии с биопсией,1,3,D30.3,
отсутствие данных о ЗНО по результатам уретероскопии с биопсией,1,3,D30.4,
"Отсутствие структурных изменений при физикальном осмотре с контролем размеров, структуры, толщины очага лейкоплакии",1,3,N48.0,
"отсутствие данных о ЗНО по результатам цитологического исследования мазка/соскоба, биопсии по показаниям",1,3,N48.0,
"Отсутствие признаков прогрессирования по результатам УЗИ или КТ или МРТ забрюшинного пространства: оценка размеров кист и тенденции к их увеличению, наличие внутренних перегородок и увеличение их количества, накопления контраста в кистах и их капсуле, изменение градации по Bosniak",1,3,D41.0,
Отсутствие признаков прогрессирования по результатам УЗИ или КТ или МРТ забрюшинного пространства: оценка размеров и васкуляризации,1,3,D30.0,
Отсутствие признаков прогрессирования по результатам физикального осмотра и УЗИ предстательной железы,1,3,D29.1,
отсутствие данных о ЗНО по результатам пункционной биопсии,1,3,D29.1,
уровень простатспецифического антигена в сыворотке крови,1,3,D29.1,
Отсутствие признаков гиперостоза или деструкции по результатам рентгенографии костей и суставов и (или) КТ и (или) МРТ костей и суставов,1,3,M96,
Отсутствие структурных изменений костной ткани по данным рентгенографии костей и суставов и (или) КТ и (или) МРТ и (или) сцинтиграфии,1,3,D16,
"Отсутствие изменений при фоторегистрации переднего и заднего отрезков глаза, при ультразвуковом исследовании переднего и заднего отрезка глаза, орбиты, флюоресцентной ангиографии, оптической когерентной томографии, КТ и (или) МРТ орбит",1,3,D31 D23.1,
признаки атипии по данным морфологического исследования и (или) изменения клинических параметров образования кожи века,1,3,D31 D23.1,
"Отсутствие изменений (увеличения размера полипа, изъязвления) по результатам осмотра врача-специалиста",1,3,J38.1,
отсутствие данных о ЗНО по результатам ларингоскопии с биопсией,1,3,J38.1,
"Отсутствие изменений по результатам осмотра врача-специалиста, ларингоскопии с биопсией",1,3,D14.1,
"Отсутствие изменений по результатам осмотра врача-специалиста, трахеоскопии с биопсией",1,3,D14.2,
"Отсутствие изменений по результатам осмотра врача-специалиста, микроотоскопии, КТ или МРТ височных костей",1,3,D14,
Отсутствие изменений по результатам осмотра врача-специалиста и эндоскопического исследования,1,3,D10.4 D10.5 D10.6 D10.7 D10.9,
"Отсутствие изменений по результатам осмотра врача-специалиста, Фиброларингоскопии",1,3,J37,
"Отсутствие изменений по результатам осмотра специалиста, зеркальной фиброскопии полости носа и глотки, КТ или МРТ лицевого скелета",1,3,J31,
"Отсутствие признаков прогрессирования: изменения размеров, консистенции, формы образований по данным обследования, рецидивов после проведенного лечения",1,3,D10.0 D10.1 D10.2 D10.3,
"Отсутствие признаков прогрессирования: изменения размеров, консистенции, формы образований по данным обследования",1,3,K13.7,
"Отсутствие признаков малигнизации новообразований кожи по данным клинического осмотра и инструментальных исследований (дерматоскопии, цифрового картирования кожи)",1,3,Q82.5,
"Отсутствие изменений по данным УЗИ органов малого таза. Отсутствие данных о ЗНО по результатам морфологического исследования материала, полученного при полипэктомии или раздельном диагностическом выскабливании",1,3,N84,
Уровень половых гормонов,1,3,E28.2,
"отсутствие объемных образований по результатам УЗИ щитовидной железы, паращитовидных желез и органов малого таза",1,3,E28.2,
уровень онкомаркеров CA-125 и HE-4 сыворотки крови,1,3,E28.2,
"уровень глюкозы по результатам перорального глюкозотолерантного теста (каждые 1 - 3 года в зависимости от наличия факторов риска развития нарушений углеводного обмена), липидный профиль",1,3,E28.2,
"индекс массы тела, окружность талии, уровень артериального давления",1,3,E28.2,
Отсутствие атипических клеток по результатам цитологического исследования мазков с шейки матки (1 раз в год),1,3,N88.0,
"Отсутствие рецидива заболевания, по результатам УЗИ органов малого таза - отсутствие увеличения толщины эндометрия более 5 мм на 5 - 7 день цикла или более 4 мм в постменопузе",1,3,N85.0,
отсутствие признаков рецидива гиперплазии эндометрия или злокачественной трансформации по результатам морфологического исследования биоптата эндометрия (1 раз в год),1,3,N85.0,
"отсутствие данных о ЗНО по результатам морфологического исследования материала, полученного при аспирационной биопсии эндометрия и (или) гистероскопии, раздельном диагностическом выскабливании полости матки и цервикального канала",1,3,N85.0,
Отсутствие рецидива заболевания по результатам УЗИ органов малого таза - отсутствие увеличения толщины эндометрия более 5 мм на 5 - 7 день цикла и более 4 мм в постменопузе,1,3,N85.1,
отсутствие признаков рецидива гиперплазии эндометрия или злокачественной трансформации по результатам морфологического исследования биоптата эндометрия (каждые 6 месяцев в течение первого года и далее 1 раз в год),1,3,N85.1,
"отсутствие данных о ЗНО по результатам морфологического исследования материала, полученного при аспирационной биопсии эндометрия и (или) гистероскопии, раздельного диагностического выскабливания полости матки и цервикального канала",1,3,N85.1,
Отсутствие данных о ЗНО по результатам цитологического исследования мазков с шейки матки,1,3,N87.1,
Отсутствие атипических клеток по результатам цитологического исследования мазков с шейки матки,1,3,N87.2,
"Уровень сывороточного онкомаркера CA-125, HE4, ингибин B, ЛДГ, АФП, РЭА, ХГЧ",1,3,D39.1,
"отсутствие прогрессирования по результатам УЗИ и (или) МРТ органов малого таза и брюшной полости: увеличение размеров и кистозно-солидная структура яичников, васкуляризация кист, наличие папиллярных разрастаний по наружной или внутренней поверхности кист, появление солидного компонента в кистах, объем и характер свободной жидкости в полости малого таза",1,3,D39.1,
"Отсутствие изменений по данным осмотра, пальпации молочных желез, шейно-надключичных и подмышечных зон",1,3,D24,
отсутствие признаков роста и изменения степени васкуляризации по инструментальным,1,3,D24,
"Отсутствие данных о ЗНО по результатам биопсии, цитологического исследования пункционного материала",1,3,N60,
