code,name
A01.01.001,Сбор анамнеза и жалоб в дерматологии
A01.01.001.001,"Сбор анамнеза и жалоб при термических, химических и электрических ожогах"
A01.01.004,Сбор анамнеза и жалоб в косметологии
A01.02.001,Сбор анамнеза и жалоб при заболеваниях мышц
A01.03.001,Сбор анамнеза и жалоб при патологии костной системы
A01.04.001,Сбор анамнеза и жалоб при патологии суставов
A01.05.001,Сбор анамнеза и жалоб при заболеваниях органов кроветворения и крови
A01.06.001,Сбор анамнеза и жалоб при патологии органов иммунной системы
A01.07.001,Сбор анамнеза и жалоб при патологии полости рта
A01.07.001.001,"Сбор анамнеза и жалоб при патологии полости рта, включая черепно-челюстно-лицевой области"
A01.08.001,Сбор анамнеза и жалоб при заболеваниях верхних дыхательных путей
A01.09.001,Сбор анамнеза и жалоб при заболеваниях легких и бронхов
A01.10.001,Сбор анамнеза и жалоб при патологии сердца и перикарда
A01.11.001,Сбор анамнеза и жалоб при патологии средостения
A01.12.001,Сбор анамнеза и жалоб при сосудистой патологии
A01.13.001,Сбор анамнеза и жалоб при микроциркуляторной патологии
A01.14.001,Сбор анамнеза и жалоб при заболеваниях печени и желчевыводящих путей
A01.15.001,Сбор анамнеза и жалоб при заболеваниях поджелудочной железы
A01.16.001,"Сбор анамнеза и жалоб при заболеваниях пищевода, желудка, двенадцатиперстной кишки"
A01.17.001,Сбор анамнеза и жалоб при заболеваниях тонкой кишки
A01.18.001,Сбор анамнеза и жалоб при заболеваниях толстой кишки
A01.19.001,Сбор анамнеза и жалоб при патологии сигмовидной и прямой кишки
A01.20.001,Сбор акушерско-гинекологического анамнеза и жалоб
A01.21.001,Сбор анамнеза и жалоб при патологии мужских половых органов
A01.22.001,Сбор анамнеза и жалоб в эндокринологии
A01.23.001,Сбор анамнеза и жалоб при патологии центральной нервной системы и головного мозга
A01.24.001,Сбор анамнеза и жалоб при патологии периферической нервной системы
A01.25.001,Сбор анамнеза и жалоб при патологии органа слуха
A01.26.001,Сбор анамнеза и жалоб при патологии глаза
A01.27.001,Сбор анамнеза и жалоб при патологии органа обоняния
A01.28.001,Сбор анамнеза и жалоб при патологии почек и мочевыделительной системы
A01.29.001,Сбор жалоб и анамнеза (объективный и субъективный) в психиатрии
A01.29.005,Сбор жалоб и анамнеза (объективный и субъективный) в психиатрии-наркологии
A01.29.008,Сбор психологического анамнеза и жалоб
A01.30.001,Сбор анамнеза и жалоб при инфекционном заболевании
A01.30.009,Сбор анамнеза и жалоб терапевтический
A01.30.009.001,Сбор анамнеза и жалоб при радиационном поражении
A01.30.009.002,Сбор анамнеза и жалоб при отравлении
A01.30.013,Сбор анамнеза и жалоб при генетическом консультировании
A01.30.017,Сбор анамнеза и жалоб при патологии брюшной стенки
A01.30.023,Сбор спортивного анамнеза
A01.30.027,Сбор анамнеза и жалоб в радиотерапии
A01.30.028,Сбор анамнеза и жалоб остеопатический
